run,scenario,result,k6,recovery_s,settle_s,crashes,dup_ledger,dup_payment,dlt_new,e2e_ms_p50_p95_p99,violations,note
1,kill-ledger,PASS,"accepted=6001 declined=0 failed=0 retries=0 rate=100.0/s post_p50=2.6ms p95=5.8ms p99=7.5ms",45.2,1,0,0,500,0,19126/42680/44705,0,""
2,kill-payment,PASS,"accepted=4926 declined=0 failed=680 retries=4225 rate=93.4/s post_p50=3.7ms p95=190.6ms p99=1410.0ms",41.4,0,0,0,0,0,11122/29302/30844,0,""
3,pause-postgres,PASS,"accepted=5365 declined=0 failed=0 retries=0 rate=89.4/s post_p50=2.8ms p95=6343.9ms p99=10113.7ms",3.1,0,0,0,0,0,38/1700/2262,0,""
4,restart-kafka,PASS,"accepted=6001 declined=0 failed=0 retries=0 rate=100.0/s post_p50=2.8ms p95=47.6ms p99=162.4ms",17.9,0,0,0,0,0,48/17359/20338,0,""
5,replay,PASS,"accepted=5065 declined=0 failed=580 retries=3707 rate=94.1/s post_p50=3.0ms p95=101.3ms p99=397.2ms",17.9,1,0,3000,3000,0,41/17805/19215,0,""
6,hot-account,PASS,"accepted=6001 declined=0 failed=0 retries=0 rate=100.0/s post_p50=2.6ms p95=6.9ms p99=20.0ms",0.6,1,0,3000,3000,0,35/67/480,0,"hot completed/failed/total=50/150/200 balance=0;"
7,crash-before-payment-outbox-commit,PASS,"accepted=4998 declined=0 failed=604 retries=4228 rate=93.4/s post_p50=4.1ms p95=55.1ms p99=232.7ms",49.7,0,2,3000,0,0,55666/82164/82256,0,""
8,crash-after-publish-before-mark,PASS,"accepted=4994 declined=0 failed=608 retries=4245 rate=93.4/s post_p50=5.3ms p95=360.6ms p99=1077.8ms",49.4,0,2,0,0,0,57151/82014/82144,0,""
9,crash-after-ledger-commit-before-ack,PASS,"accepted=6000 declined=0 failed=0 retries=0 rate=100.0/s post_p50=3.1ms p95=22.9ms p99=162.4ms",23.5,0,1,2,0,0,45/43067/45007,0,""
10,kill-ledger,PASS,"accepted=6000 declined=0 failed=0 retries=0 rate=100.0/s post_p50=3.2ms p95=25.4ms p99=119.6ms",45.0,1,0,0,0,0,18776/42822/44902,0,""
11,kill-payment,PASS,"accepted=5041 declined=0 failed=563 retries=3584 rate=93.4/s post_p50=3.2ms p95=599.7ms p99=2275.2ms",41.4,1,0,0,0,0,11606/29919/31429,0,""
12,pause-postgres,PASS,"accepted=5391 declined=0 failed=0 retries=0 rate=89.8/s post_p50=2.6ms p95=5861.9ms p99=9598.6ms",0.7,0,0,0,0,0,36/288/405,0,""
13,restart-kafka,PASS,"accepted=6001 declined=0 failed=0 retries=0 rate=100.0/s post_p50=2.7ms p95=222.0ms p99=390.2ms",16.9,1,0,0,0,0,71/18656/21517,0,""
14,replay,PASS,"accepted=4794 declined=0 failed=787 retries=4712 rate=93.0/s post_p50=3.8ms p95=107.7ms p99=813.1ms",21.6,1,0,3000,3000,0,42/21475/23141,0,""
15,hot-account,PASS,"accepted=6001 declined=0 failed=0 retries=0 rate=100.0/s post_p50=3.1ms p95=8.3ms p99=29.3ms",1.2,0,0,3000,3000,0,37/91/536,0,"hot completed/failed/total=50/150/200 balance=0;"
16,crash-before-payment-outbox-commit,PASS,"accepted=5323 declined=0 failed=436 retries=2800 rate=88.3/s post_p50=3.8ms p95=14.8ms p99=113.5ms",56.2,40,2,3000,0,0,38/109536/110344,0,""
17,crash-after-publish-before-mark,PASS,"accepted=6001 declined=0 failed=0 retries=0 rate=100.0/s post_p50=3.2ms p95=11.1ms p99=51.9ms",43.4,0,1,0,2,0,38/181/44733,0,""
18,crash-after-ledger-commit-before-ack,PASS,"accepted=6001 declined=0 failed=0 retries=0 rate=99.0/s post_p50=3.0ms p95=7.7ms p99=54.5ms",14.6,3,1,1,2,0,25727/50274/52314,0,""
19,kill-ledger,PASS,"accepted=6000 declined=0 failed=0 retries=0 rate=100.0/s post_p50=2.5ms p95=6.8ms p99=57.8ms",44.8,2,0,0,2,0,18994/42992/44758,0,""
20,kill-payment,PASS,"accepted=4463 declined=0 failed=847 retries=5049 rate=88.5/s post_p50=3.5ms p95=254.2ms p99=3016.3ms",40.9,0,0,0,0,0,8313/25641/25795,0,""
21,pause-postgres,PASS,"accepted=5388 declined=0 failed=0 retries=0 rate=89.8/s post_p50=3.4ms p95=5915.8ms p99=9677.6ms",0.6,0,0,0,0,0,39/351/468,0,""
22,restart-kafka,PASS,"accepted=6001 declined=0 failed=0 retries=0 rate=100.0/s post_p50=3.0ms p95=7.8ms p99=46.3ms",19.7,0,0,0,0,0,43/15914/18558,0,""
23,replay,PASS,"accepted=4763 declined=0 failed=819 retries=4855 rate=93.0/s post_p50=3.7ms p95=29.1ms p99=643.2ms",20.4,0,0,3000,3000,0,44/21060/22772,0,""
24,hot-account,PASS,"accepted=6000 declined=0 failed=0 retries=0 rate=99.6/s post_p50=2.9ms p95=13.1ms p99=274.6ms",0.8,0,0,3000,3000,0,37/303/616,0,"hot completed/failed/total=50/150/200 balance=0;"
25,crash-before-payment-outbox-commit,PASS,"accepted=5102 declined=0 failed=495 retries=3868 rate=90.6/s post_p50=6.1ms p95=2516.0ms p99=2926.8ms",67.4,1,2,3000,1,0,93109/117911/118120,0,""
26,crash-after-publish-before-mark,PASS,"accepted=5497 declined=0 failed=259 retries=1980 rate=93.6/s post_p50=4.1ms p95=150.2ms p99=429.8ms",35.9,0,1,0,0,0,42/7176/36441,0,""
27,crash-after-ledger-commit-before-ack,PASS,"accepted=6001 declined=0 failed=0 retries=0 rate=100.0/s post_p50=4.1ms p95=113.6ms p99=283.6ms",50.8,4,2,552,0,0,41898/72543/77521,0,""
